# Redirects for legacy content
Redirect 301 /~amie http://cdbaby.com/cd/sassano
Redirect 301 /CollegeFootball.wdgt.zip /downloads/CollegeFootball.wdgt.zip
Redirect 301 /gottung http://gottung.net/
Redirect 301 /collegefootball.php /projects/college-football/
Redirect 301 /collegefootball /projects/college-football
Redirect 301 /files http://files.nlsmith.com/
Redirect 301 /contact.php /contact/
Redirect 301 /console /projects/console
Redirect 301 /projects/prototype-asp) /projects/prototype-asp
Redirect 301 /downloads/nathan_smith_resume.pdf /resume.html

# Index goes to /projects/index
Redirect 301 /index.html /projects/
Redirect 301 /index.php /projects/
Redirect 301 /blog /projects/
Redirect 301 /old /projects/

